{
  "explore_country": "Explore {{country}}",
  "country_info": "Country Information",
  "history": "History",
  "traditions": "Traditions",
  "cuisine": "Cuisine",
  "attractions": "Top Attractions",
  "climate": "Climate",
  "language": "Language",
  "currency": "Currency",
  "population": "Population",
  "capital": "Capital",
  "services_available": "Available Services in {{country}}",
  "no_services": "No services currently available for this country",
  "back_to_destinations": "Back to Destinations",
  "visit_website": "Visit Official Website",
  "learn_more": "Learn More",
  "names": {
    "United Kingdom": "United Kingdom",
    "United States": "United States",
    "Canada": "Canada",
    "Australia": "Australia",
    "Germany": "Germany",
    "France": "France",
    "Netherlands": "Netherlands",
    "Spain": "Spain",
    "Sweden": "Sweden",
    "Switzerland": "Switzerland",
    "Italy": "Italy",
    "Japan": "Japan",
    "South Korea": "South Korea",
    "Ireland": "Ireland",
    "New Zealand": "New Zealand",
    "Portugal": "Portugal",
    "Greece": "Greece",
    "Norway": "Norway",
    "Finland": "Finland",
    "Denmark": "Denmark",
    "Iceland": "Iceland",
    "Austria": "Austria",
    "Belgium": "Belgium",
    "Luxembourg": "Luxembourg",
    "Estonia": "Estonia",
    "Latvia": "Latvia",
    "Lithuania": "Lithuania",
    "China": "China",
    "India": "India",
    "Indonesia": "Indonesia",
    "Thailand": "Thailand",
    "Vietnam": "Vietnam",
    "Malaysia": "Malaysia",
    "Philippines": "Philippines",
    "Singapore": "Singapore",
    "Cambodia": "Cambodia",
    "Laos": "Laos",
    "Dubai": "Dubai",
    "Mexico": "Mexico",
    "Costa Rica": "Costa Rica",
    "Panama": "Panama",
    "Colombia": "Colombia",
    "Venezuela": "Venezuela",
    "Ecuador": "Ecuador",
    "Peru": "Peru",
    "Bolivia": "Bolivia",
    "Chile": "Chile",
    "Argentina": "Argentina",
    "Brazil": "Brazil",
    "South Africa": "South Africa",
    "Egypt": "Egypt",
    "Kenya": "Kenya",
    "Morocco": "Morocco",
    "Tunisia": "Tunisia",
    "Rwanda": "Rwanda",
    "Mauritius": "Mauritius",
    "Botswana": "Botswana",
    "Namibia": "Namibia",
    "Ghana": "Ghana",
    "Nigeria": "Nigeria",
    "Tanzania": "Tanzania",
    "Uganda": "Uganda",
    "Senegal": "Senegal",
    "Ethiopia": "Ethiopia",
    "Ivory Coast": "Ivory Coast"
  }
}
