{
  "explore_country": "Erkunden Sie {{country}}",
  "country_info": "Landesinformation",
  "history": "Geschichte",
  "traditions": "Traditionen",
  "cuisine": "Küche",
  "attractions": "Top-Attraktionen",
  "climate": "Klima",
  "language": "Sprache",
  "currency": "Währung",
  "population": "Bevölkerung",
  "capital": "Hauptstadt",
  "services_available": "Verfügbare Dienstleistungen in {{country}}",
  "no_services": "Derzeit keine Dienstleistungen für dieses Land verfügbar",
  "back_to_destinations": "Zurück zu Zielen",
  "visit_website": "Offizielle Website Besuchen",
  "learn_more": "Mehr Erfahren",
  "names": {
    "United Kingdom": "Vereinigtes Königreich",
    "United States": "Vereinigte Staaten",
    "Canada": "Kanada",
    "Australia": "Australien",
    "Germany": "Deutschland",
    "France": "Frankreich",
    "Netherlands": "Niederlande",
    "Spain": "Spanien",
    "Sweden": "Schweden",
    "Switzerland": "Schweiz",
    "Italy": "Italien",
    "Japan": "Japan",
    "South Korea": "Südkorea",
    "Ireland": "Irland",
    "New Zealand": "Neuseeland",
    "Portugal": "Portugal",
    "Greece": "Griechenland",
    "Norway": "Norwegen",
    "Finland": "Finnland",
    "Denmark": "Dänemark",
    "Iceland": "Island",
    "Austria": "Österreich",
    "Belgium": "Belgien",
    "Luxembourg": "Luxemburg",
    "Estonia": "Estland",
    "Latvia": "Lettland",
    "Lithuania": "Litauen",
    "China": "China",
    "India": "Indien",
    "Indonesia": "Indonesien",
    "Thailand": "Thailand",
    "Vietnam": "Vietnam",
    "Malaysia": "Malaysia",
    "Philippines": "Philippinen",
    "Singapore": "Singapur",
    "Cambodia": "Kambodscha",
    "Laos": "Laos",
    "Dubai": "Dubai",
    "Mexico": "Mexiko",
    "Costa Rica": "Costa Rica",
    "Panama": "Panama",
    "Colombia": "Kolumbien",
    "Venezuela": "Venezuela",
    "Ecuador": "Ecuador",
    "Peru": "Peru",
    "Bolivia": "Bolivien",
    "Chile": "Chile",
    "Argentina": "Argentinien",
    "Brazil": "Brasilien",
    "South Africa": "Südafrika",
    "Egypt": "Ägypten",
    "Kenya": "Kenia",
    "Morocco": "Marokko",
    "Tunisia": "Tunesien",
    "Rwanda": "Ruanda",
    "Mauritius": "Mauritius",
    "Botswana": "Botsuana",
    "Namibia": "Namibia",
    "Ghana": "Ghana",
    "Nigeria": "Nigeria",
    "Tanzania": "Tansania",
    "Uganda": "Uganda",
    "Senegal": "Senegal",
    "Ethiopia": "Äthiopien",
    "Ivory Coast": "Elfenbeinküste"
  }
}
